TEAM_ID,TEAM_NAME,SEASON,GP,W,L,FGM,FGA,FG3M,FG3A,FTM,FTA,OREB,AST,TOV,PFD,PTS,OFF_RATING,PACE
1610612737,Atlanta Hawks,2016,82,48,34,3168,6923,815,2326,1282,1638,679,2100,1226,1500,8433,104.6,97.63
1610612738,Boston Celtics,2016,82,48,34,3216,7318,717,2142,1520,1929,950,1981,1127,1718,8669,105.8,99.43
1610612751,Brooklyn Nets,2016,82,21,61,3136,6920,531,1508,1286,1699,863,1829,1212,1510,8089,102.4,96.12
1610612766,Charlotte Hornets,2016,82,48,34,3036,6922,873,2410,1534,1941,734,1778,1029,1670,8479,106.4,96.24
1610612741,Chicago Bulls,2016,82,42,40,3165,7170,651,1753,1354,1720,907,1870,1141,1535,8335,104.1,96.6
1610612739,Cleveland Cavaliers,2016,82,57,25,3171,6888,880,2428,1333,1783,873,1861,1114,1690,8555,110.2,93.82
1610612742,Dallas Mavericks,2016,82,42,40,3064,6900,806,2342,1454,1831,751,1813,1047,1757,8388,105.5,95.34
1610612743,Denver Nuggets,2016,82,33,49,3093,7003,656,1943,1513,1974,941,1858,1202,1712,8355,104.9,96.34
1610612765,Detroit Pistons,2016,82,44,38,3111,7087,740,2148,1399,2095,1021,1594,1110,1773,8361,105.3,95.75
1610612744,Golden State Warriors,2016,82,73,9,3489,7159,1077,2592,1366,1790,816,2373,1245,1627,9421,113.5,100.24
1610612745,Houston Rockets,2016,82,41,41,3094,6847,878,2533,1671,2407,930,1821,1307,1847,8737,107.3,98.42
1610612754,Indiana Pacers,2016,82,45,37,3142,6985,663,1889,1430,1872,847,1741,1219,1676,8377,103.8,97.35
1610612746,LA Clippers,2016,82,53,29,3141,6759,797,2190,1490,2152,721,1873,1063,1842,8569,107.2,96.81
1610612747,Los Angeles Lakers,2016,82,17,65,2880,6956,639,2016,1583,2028,878,1478,1124,1573,7982,100.7,96.55
1610612763,Memphis Grizzlies,2016,82,42,40,3019,6859,504,1521,1584,2024,916,1697,1090,1732,8126,104.7,93.95
1610612748,Miami Heat,2016,82,48,34,3150,6697,498,1480,1406,1889,807,1709,1155,1608,8204,105.5,94.14
1610612749,Milwaukee Bucks,2016,82,33,49,3145,6740,440,1277,1392,1863,858,1895,1247,1600,8122,103.4,95.05
1610612750,Minnesota Timberwolves,2016,82,29,53,3095,6668,455,1347,1753,2213,821,1916,1231,1768,8398,105.4,96.2
1610612740,New Orleans Pelicans,2016,82,30,52,3153,7040,702,1951,1415,1823,782,1818,1102,1630,8423,104.8,97.64
1610612752,New York Knicks,2016,82,32,50,3022,6886,610,1762,1411,1753,850,1682,1099,1520,8065,103.9,94.12
1610612760,Oklahoma City Thunder,2016,82,55,27,3372,7082,678,1945,1616,2067,1071,1883,1305,1653,9038,112.1,97.54
1610612753,Orlando Magic,2016,82,35,47,3242,7120,636,1818,1249,1649,843,1933,1155,1497,8369,104.4,96.68
1610612755,Philadelphia 76ers,2016,82,10,72,2970,6887,764,2255,1284,1850,777,1765,1343,1571,7988,98.4,98.44
1610612756,Phoenix Suns,2016,82,23,59,3051,7018,738,2118,1431,1905,943,1701,1410,1770,8271,101.5,99.39
1610612757,Portland Trail Blazers,2016,82,44,38,3167,7040,864,2336,1424,1889,948,1748,1200,1597,8622,107.6,97.06
1610612758,Sacramento Kings,2016,82,33,49,3283,7083,660,1839,1514,2089,868,2009,1326,1800,8740,105.3,100.66
1610612759,San Antonio Spurs,2016,82,67,15,3289,6797,570,1518,1342,1672,770,2010,1071,1597,8490,109.3,94.54
1610612761,Toronto Raptors,2016,82,56,26,3006,6669,708,1915,1702,2190,836,1536,1073,1801,8422,109.3,93.35
1610612762,Utah Jazz,2016,82,40,42,2957,6593,694,1956,1402,1885,880,1554,1224,1629,8010,105,91.66
1610612764,Washington Wizards,2016,82,41,41,3238,7033,709,1983,1349,1849,743,2005,1186,1651,8534,104.5,99.16
1610612737,Atlanta Hawks,2017,82,43,39,3123,6918,729,2137,1484,2039,842,1938,1294,1768,8459,104.5,97.76
1610612738,Boston Celtics,2017,82,53,29,3168,6977,985,2741,1536,1903,743,2069,1088,1664,8857,110.6,97.21
1610612751,Brooklyn Nets,2017,82,20,62,3102,6987,877,2591,1592,2020,721,1756,1356,1671,8673,103.6,101.75
1610612766,Charlotte Hornets,2017,82,36,46,3093,7000,824,2347,1591,1953,721,1891,942,1631,8601,108.4,95.92
1610612741,Chicago Bulls,2017,82,41,41,3169,7141,623,1831,1474,1848,999,1851,1112,1541,8435,106.5,96.02
1610612739,Cleveland Cavaliers,2017,82,51,31,3275,6963,1067,2779,1431,1913,766,1858,1121,1690,9048,112.8,96.74
1610612742,Dallas Mavericks,2017,82,33,49,2968,6750,878,2473,1215,1516,647,1705,972,1591,8029,104.7,93.11
1610612743,Denver Nuggets,2017,82,40,42,3377,7194,870,2365,1537,1986,966,2077,1226,1653,9161,112.2,99.18
1610612765,Detroit Pistons,2017,82,37,45,3269,7282,631,1915,1140,1586,908,1732,973,1434,8309,105.3,95.52
1610612744,Golden State Warriors,2017,82,67,15,3532,7140,982,2562,1457,1850,770,2491,1211,1588,9503,114.8,100.37
1610612745,Houston Rockets,2017,82,55,27,3305,7152,1181,3306,1667,2177,892,2070,1240,1674,9458,114.1,100.55
1610612754,Indiana Pacers,2017,82,42,40,3221,6931,709,1885,1467,1811,742,1844,1130,1599,8618,107.9,96.59
1610612746,LA Clippers,2017,82,51,31,3242,6820,841,2245,1586,2128,738,1848,1062,1835,8911,111.8,96.77
1610612747,Los Angeles Lakers,2017,82,26,56,3224,7164,730,2110,1397,1853,933,1716,1243,1520,8575,105.3,99.26
1610612763,Memphis Grizzlies,2017,82,43,39,2984,6854,767,2169,1504,1918,886,1744,1059,1708,8239,107,92.84
1610612748,Miami Heat,2017,82,41,41,3202,7037,808,2213,1248,1768,872,1742,1102,1530,8460,107.4,95.51
1610612749,Milwaukee Bucks,2017,82,42,40,3182,6715,720,1946,1413,1839,723,1984,1145,1579,8497,108.5,94.99
1610612750,Minnesota Timberwolves,2017,82,31,51,3235,6922,601,1723,1586,1986,938,1940,1150,1681,8657,110,95.48
1610612740,New Orleans Pelicans,2017,82,34,48,3210,7130,768,2196,1368,1825,703,1869,1054,1581,8556,104.7,98.56
1610612752,New York Knicks,2017,82,31,51,3244,7256,704,2022,1364,1731,983,1786,1139,1516,8556,107.1,96.63
1610612760,Oklahoma City Thunder,2017,82,47,35,3237,7169,692,2116,1575,2113,1002,1721,1230,1697,8741,107.9,98.18
1610612753,Orlando Magic,2017,82,29,53,3139,7133,701,2139,1309,1753,807,1820,1091,1532,8288,103.7,96.9
1610612755,Philadelphia 76ers,2017,82,28,54,3088,6992,831,2443,1393,1806,807,1949,1366,1610,8400,102.7,99.07
1610612756,Phoenix Suns,2017,82,24,58,3270,7260,615,1854,1676,2159,976,1604,1265,1822,8831,106.1,100.85
1610612757,Portland Trail Blazers,2017,82,41,41,3243,7059,852,2272,1513,1940,830,1733,1126,1624,8851,109.4,97.38
1610612758,Sacramento Kings,2017,82,32,50,3105,6734,737,1960,1483,1913,715,1844,1201,1646,8430,106.6,95.42
1610612759,San Antonio Spurs,2017,82,61,21,3222,6864,753,1927,1440,1806,821,1954,1101,1623,8637,110.3,94.86
1610612761,Toronto Raptors,2017,82,51,31,3211,6918,725,1996,1615,2028,871,1517,1041,1666,8762,111.4,95.41
1610612762,Utah Jazz,2017,82,51,31,3033,6515,791,2128,1401,1875,771,1651,1118,1655,8258,109,92.09
1610612764,Washington Wizards,2017,82,49,33,3388,7137,756,2030,1421,1812,843,1956,1162,1621,8953,110.4,97.94
1610612737,Atlanta Hawks,2018,82,24,58,3130,7015,917,2544,1298,1654,743,1946,1274,1661,8475,104.4,98.76
1610612738,Boston Celtics,2018,82,55,27,3141,6975,939,2492,1308,1697,767,1842,1148,1571,8529,106.8,96.75
1610612751,Brooklyn Nets,2018,82,28,54,3136,7114,1041,2924,1428,1850,792,1941,1245,1615,8741,106.1,99.66
1610612766,Charlotte Hornets,2018,82,36,46,3197,7106,824,2233,1656,2216,827,1770,1041,1839,8874,109,98.66
1610612741,Chicago Bulls,2018,82,27,55,3170,7285,906,2549,1194,1574,790,1923,1147,1425,8440,103.4,98.65
1610612739,Cleveland Cavaliers,2018,82,50,32,3311,6950,981,2636,1488,1909,694,1916,1126,1696,9091,112,98.72
1610612742,Dallas Mavericks,2018,82,24,58,3128,7042,967,2688,1167,1530,666,1858,1007,1604,8390,105.4,96.53
1610612743,Denver Nuggets,2018,82,46,36,3338,7102,940,2536,1404,1830,902,2059,1226,1699,9020,111.4,97.69
1610612765,Detroit Pistons,2018,82,39,43,3208,7129,886,2373,1207,1621,830,1868,1102,1511,8509,106.6,96.75
1610612744,Golden State Warriors,2018,82,58,24,3509,6979,926,2369,1360,1668,691,2402,1265,1516,9304,112.8,100.35
1610612745,Houston Rockets,2018,82,65,17,3174,6906,1256,3470,1609,2061,739,1767,1135,1670,9213,114.1,98.02
1610612754,Indiana Pacers,2018,82,48,34,3345,7083,741,2010,1225,1573,788,1819,1088,1514,8656,108.5,96.84
1610612746,LA Clippers,2018,82,42,40,3302,7004,777,2196,1556,2095,832,1832,1204,1803,8937,109.4,99.54
1610612747,Los Angeles Lakers,2018,82,35,47,3338,7248,822,2384,1364,1910,876,1949,1295,1679,8862,106,100.9
1610612763,Memphis Grizzlies,2018,82,22,60,3013,6788,758,2152,1361,1732,779,1767,1227,1674,8145,103.6,95.65
1610612748,Miami Heat,2018,82,44,38,3184,6997,903,2506,1209,1601,763,1862,1178,1587,8480,106.2,96.1
1610612749,Milwaukee Bucks,2018,82,44,38,3257,6807,718,2024,1499,1915,688,1905,1135,1633,8731,109,97.03
1610612750,Minnesota Timberwolves,2018,82,47,35,3365,7063,658,1845,1592,1980,848,1861,1021,1710,8980,112.5,96.75
1610612740,New Orleans Pelicans,2018,82,48,34,3500,7241,837,2312,1324,1716,712,2195,1223,1669,9161,108.5,101.48
1610612752,New York Knicks,2018,82,29,53,3334,7193,673,1914,1225,1557,859,1912,1208,1509,8566,106.3,97.64
1610612760,Oklahoma City Thunder,2018,82,48,34,3271,7221,881,2491,1421,1985,1024,1750,1147,1750,8844,110.1,97.34
1610612753,Orlando Magic,2018,82,25,57,3182,7042,844,2405,1271,1678,722,1921,1192,1556,8479,104.7,98.58
1610612755,Philadelphia 76ers,2018,82,52,30,3349,7098,901,2445,1405,1868,893,2221,1353,1670,9004,108.5,100.75
1610612756,Phoenix Suns,2018,82,21,61,3153,7141,763,2286,1453,1962,842,1743,1289,1715,8522,102.8,101.14
1610612757,Portland Trail Blazers,2018,82,49,33,3222,7132,845,2308,1372,1715,835,1599,1109,1564,8661,108.4,97.11
1610612758,Sacramento Kings,2018,82,27,55,3179,7063,738,1967,1008,1371,776,1768,1125,1422,8104,103.1,95.5
1610612759,San Antonio Spurs,2018,82,47,35,3202,6999,696,1977,1324,1715,849,1868,1078,1619,8424,107.1,95.7
1610612761,Toronto Raptors,2018,82,59,23,3383,7169,968,2705,1422,1790,800,1995,1095,1633,9156,113,98.02
1610612762,Utah Jazz,2018,82,48,34,3139,6797,887,2425,1375,1766,740,1839,1205,1683,8540,107.4,96.58
1610612764,Washington Wizards,2018,82,43,39,3275,7018,814,2173,1378,1786,823,2065,1196,1639,8742,108.1,97.67
1610612737,Atlanta Hawks,2019,82,29,53,3392,7524,1067,3034,1443,1918,955,2118,1397,1817,9294,107.5,104.56
1610612738,Boston Celtics,2019,82,49,33,3451,7423,1032,2829,1282,1598,804,2155,1052,1602,9216,111.3,100.43
1610612751,Brooklyn Nets,2019,82,42,40,3301,7358,1047,2965,1555,2088,900,1954,1236,1807,9204,108.9,101.52
1610612766,Charlotte Hornets,2019,82,39,43,3297,7362,977,2783,1510,1895,814,1905,1001,1686,9081,110.7,99.18
1610612741,Chicago Bulls,2019,82,22,60,3266,7205,745,2123,1328,1695,718,1796,1159,1534,8605,104.5,99.3
1610612739,Cleveland Cavaliers,2019,82,19,63,3189,7184,847,2388,1342,1694,879,1698,1106,1592,8567,106.8,97.37
1610612742,Dallas Mavericks,2019,82,33,49,3182,7122,1022,3002,1541,2076,832,1918,1167,1905,8927,108.7,99.6
1610612743,Denver Nuggets,2019,82,54,28,3439,7384,903,2571,1294,1714,972,2245,1102,1675,9075,112.1,98.49
1610612765,Detroit Pistons,2019,82,41,41,3185,7238,993,2854,1415,1893,936,1845,1135,1748,8778,108.4,97.88
1610612744,Golden State Warriors,2019,82,57,25,3612,7361,1087,2824,1339,1672,797,2413,1169,1601,9650,115,101.74
1610612745,Houston Rockets,2019,82,53,29,3218,7163,1323,3721,1582,2001,836,1741,1094,1640,9341,114.9,98.39
1610612754,Indiana Pacers,2019,82,48,34,3390,7135,779,2081,1298,1727,762,2128,1122,1642,8857,109.4,98.64
1610612746,LA Clippers,2019,82,48,34,3384,7178,821,2118,1853,2340,796,1970,1193,1969,9442,111.4,102.66
1610612747,Los Angeles Lakers,2019,82,37,45,3491,7425,847,2541,1336,1910,835,2096,1284,1706,9165,107.4,103.6
1610612763,Memphis Grizzlies,2019,82,33,49,3113,6924,811,2368,1453,1882,723,1963,1147,1758,8490,105.6,97.15
1610612748,Miami Heat,2019,82,39,43,3251,7218,928,2658,1238,1782,921,1991,1208,1652,8668,106.7,98.73
1610612749,Milwaukee Bucks,2019,82,60,22,3555,7471,1105,3134,1471,1904,762,2136,1137,1653,9686,113.5,103.57
1610612750,Minnesota Timberwolves,2019,82,36,46,3413,7483,827,2357,1570,1995,923,2018,1074,1795,9223,110.6,100.88
1610612740,New Orleans Pelicans,2019,82,33,49,3581,7563,842,2449,1462,1921,909,2216,1215,1722,9466,110.7,103.89
1610612752,New York Knicks,2019,82,17,65,3134,7241,823,2421,1484,1956,857,1646,1151,1708,8575,104,100.16
1610612760,Oklahoma City Thunder,2019,82,49,33,3497,7706,932,2677,1461,2049,1031,1917,1145,1844,9387,109.8,103.38
1610612753,Orlando Magic,2019,82,42,40,3316,7307,937,2633,1231,1575,822,2095,1082,1537,8800,108.2,98.65
1610612755,Philadelphia 76ers,2019,82,51,31,3407,7233,889,2474,1742,2258,892,2207,1223,1816,9445,111.6,102.59
1610612756,Phoenix Suns,2019,82,19,63,3289,7164,790,2400,1447,1858,748,1957,1279,1694,8815,105.3,101.15
1610612757,Portland Trail Blazers,2019,82,53,29,3470,7427,904,2520,1558,1914,967,1887,1135,1699,9402,113.7,99.96
1610612758,Sacramento Kings,2019,82,39,43,3541,7637,927,2455,1354,1865,906,2083,1095,1753,9363,109.6,103.88
1610612759,San Antonio Spurs,2019,82,48,34,3468,7248,812,2071,1408,1720,757,2013,992,1611,9156,112.2,98.88
1610612761,Toronto Raptors,2019,82,58,24,3460,7305,1015,2771,1449,1803,786,2085,1150,1683,9384,112.6,100.51
1610612762,Utah Jazz,2019,82,50,32,3314,7082,993,2789,1540,2092,820,2133,1240,1835,9161,110.3,100.84
1610612764,Washington Wizards,2019,82,32,50,3456,7387,930,2731,1508,1963,794,2154,1154,1741,9350,110.2,102.23
1610612737,Atlanta Hawks,2020,67,20,47,2723,6067,805,2416,1237,1566,661,1605,1086,1404,7488,107,103.28
1610612738,Boston Celtics,2020,72,48,24,2971,6448,905,2487,1336,1668,768,1655,995,1487,8183,112.8,99.92
1610612751,Brooklyn Nets,2020,72,35,37,2908,6498,941,2746,1291,1732,766,1761,1099,1521,8048,108.7,101.7
1610612766,Charlotte Hornets,2020,65,23,42,2425,5586,785,2231,1052,1406,715,1549,949,1337,6687,105.9,96.24
1610612741,Chicago Bulls,2020,65,22,43,2573,5762,793,2282,1006,1332,680,1510,1005,1246,6945,105.8,100.46
1610612739,Cleveland Cavaliers,2020,65,19,46,2619,5715,727,2070,983,1296,704,1500,1073,1277,6948,106.9,99.17
1610612742,Dallas Mavericks,2020,75,43,32,3124,6772,1136,3095,1392,1787,791,1849,953,1601,8776,115.9,99.89
1610612743,Denver Nuggets,2020,73,46,27,3069,6488,801,2234,1185,1526,786,1952,1005,1494,8124,112.6,97.64
1610612765,Detroit Pistons,2020,66,20,46,2595,5658,791,2157,1097,1476,644,1589,1008,1308,7078,108.8,97.86
1610612744,Golden State Warriors,2020,65,15,50,2510,5730,678,2032,1214,1511,647,1663,969,1308,6912,104.4,101.04
1610612745,Houston Rockets,2020,72,44,28,2936,6512,1126,3261,1484,1876,704,1557,1057,1515,8482,112.5,104.04
1610612754,Indiana Pacers,2020,73,45,28,3075,6457,743,2046,1096,1393,636,1888,967,1373,7989,109.5,99.41
1610612746,LA Clippers,2020,72,49,23,2992,6425,895,2410,1498,1894,767,1708,1051,1647,8377,113.3,102.16
1610612747,Los Angeles Lakers,2020,71,52,19,3006,6269,782,2242,1260,1728,757,1803,1077,1544,8054,111.7,101.2
1610612763,Memphis Grizzlies,2020,73,34,39,3106,6634,798,2297,1212,1589,754,1965,1113,1474,8222,108.7,103.31
1610612748,Miami Heat,2020,73,44,29,2880,6160,979,2584,1440,1840,620,1892,1088,1584,8179,111.9,98.7
1610612749,Milwaukee Bucks,2020,73,56,17,3160,6638,1007,2840,1336,1800,691,1889,1102,1586,8663,111.9,105.51
1610612750,Minnesota Timberwolves,2020,64,19,45,2586,5865,853,2540,1223,1624,675,1525,981,1383,7248,107.6,103.94
1610612740,New Orleans Pelicans,2020,72,30,42,3065,6598,982,2656,1229,1687,797,1932,1181,1519,8341,110.5,103.89
1610612752,New York Knicks,2020,66,21,45,2638,5896,631,1872,1076,1550,795,1456,946,1305,6983,105.9,99.11
1610612760,Oklahoma City Thunder,2020,72,44,28,2879,6156,770,2171,1422,1787,593,1562,986,1641,7950,110.1,99.42
1610612753,Orlando Magic,2020,73,33,40,2871,6468,807,2354,1282,1656,751,1747,937,1420,7831,107.9,98.99
1610612755,Philadelphia 76ers,2020,73,43,30,3000,6417,848,2307,1236,1638,764,1884,1037,1493,8084,110.7,99.59
1610612756,Phoenix Suns,2020,73,34,39,3006,6429,831,2320,1451,1740,712,1987,1077,1653,8294,111.3,101.74
1610612757,Portland Trail Blazers,2020,74,35,39,3122,6749,952,2525,1312,1632,754,1525,946,1488,8508,113.2,101.17
1610612758,Sacramento Kings,2020,72,31,41,2943,6364,914,2511,1127,1464,695,1713,1043,1404,7927,109.5,99.6
1610612759,San Antonio Spurs,2020,71,32,39,2995,6350,760,2021,1348,1664,640,1751,895,1424,8098,111.7,101.14
1610612761,Toronto Raptors,2020,72,53,19,2897,6331,995,2663,1329,1670,685,1816,1067,1466,8118,110.8,101.19
1610612762,Utah Jazz,2020,72,44,28,2886,6130,963,2537,1278,1641,656,1615,1089,1501,8013,111.8,99.15
1610612764,Washington Wizards,2020,72,25,47,2990,6544,864,2345,1394,1770,732,1801,1020,1601,8238,110.2,103.38
1610612737,Atlanta Hawks,2021,72,41,31,2937,6281,895,2402,1417,1745,760,1737,953,1422,8186,114.3,98.68
1610612738,Boston Celtics,2021,72,36,36,2985,6401,979,2618,1160,1496,765,1689,1012,1389,8109,113.1,98.94
1610612751,Brooklyn Nets,2021,72,48,24,3106,6289,1020,2600,1305,1623,640,1929,975,1361,8537,117.3,100.27
1610612766,Charlotte Hornets,2021,72,33,39,2875,6324,985,2666,1146,1505,762,1933,1069,1340,7881,110.1,99
1610612741,Chicago Bulls,2021,72,31,41,3035,6380,904,2446,995,1258,693,1927,1089,1277,7969,110.4,99.58
1610612739,Cleveland Cavaliers,2021,72,22,50,2778,6175,720,2141,1200,1614,751,1716,1114,1451,7476,105.2,97.96
1610612742,Dallas Mavericks,2021,72,42,30,2958,6287,994,2744,1186,1524,657,1647,869,1446,8096,114.6,97.94
1610612743,Denver Nuggets,2021,72,47,25,3114,6422,927,2462,1129,1406,758,1933,972,1379,8284,116.3,97.74
1610612765,Detroit Pistons,2021,72,20,52,2783,6162,832,2370,1278,1683,694,1743,1075,1469,7676,107.6,98.19
1610612744,Golden State Warriors,2021,72,39,33,2973,6347,1048,2789,1193,1520,574,1991,1080,1406,8187,110.5,102.81
1610612745,Houston Rockets,2021,72,17,55,2826,6372,992,2923,1189,1606,671,1699,1060,1388,7833,107,101.69
1610612754,Indiana Pacers,2021,72,34,38,3115,6567,889,2445,1183,1493,648,1973,975,1306,8302,111.9,102.05
1610612746,LA Clippers,2021,72,47,25,3009,6242,1027,2498,1164,1387,678,1756,949,1303,8209,116.7,97.63
1610612747,Los Angeles Lakers,2021,72,42,30,2925,6197,796,2248,1241,1679,695,1775,1095,1530,7887,109.8,98.85
1610612763,Memphis Grizzlies,2021,72,38,34,3085,6608,803,2258,1184,1536,803,1938,957,1318,8157,111.7,100.77
1610612748,Miami Heat,2021,72,40,32,2824,6029,932,2606,1201,1520,579,1895,1013,1414,7781,110.6,97.09
1610612749,Milwaukee Bucks,2021,72,46,26,3221,6610,1038,2669,1169,1539,741,1834,995,1320,8649,116.5,102.85
1610612750,Minnesota Timberwolves,2021,72,23,49,2932,6546,944,2706,1265,1662,757,1846,1027,1432,8073,109.3,101.96
1610612740,New Orleans Pelicans,2021,72,31,41,3060,6412,762,2190,1369,1878,845,1872,1052,1534,8251,113,100.54
1610612752,New York Knicks,2021,72,41,31,2839,6225,847,2163,1181,1506,696,1541,932,1286,7706,110.2,96.32
1610612760,Oklahoma City Thunder,2021,72,22,50,2795,6338,857,2529,1113,1536,715,1588,1162,1336,7560,102.8,101.61
1610612753,Orlando Magic,2021,72,21,51,2754,6423,784,2288,1196,1543,747,1571,924,1342,7488,104.6,99.17
1610612755,Philadelphia 76ers,2021,72,49,23,2981,6257,811,2169,1409,1836,722,1706,1040,1509,8182,112.5,100.12
1610612756,Phoenix Suns,2021,72,51,21,3118,6357,940,2490,1124,1347,630,1939,902,1294,8300,116.3,98
1610612757,Portland Trail Blazers,2021,72,42,30,2973,6558,1132,2939,1282,1558,766,1531,799,1374,8360,117.1,98.97
1610612758,Sacramento Kings,2021,72,31,41,3067,6382,874,2400,1181,1585,674,1836,963,1348,8189,112.7,100.71
1610612759,San Antonio Spurs,2021,72,33,39,3014,6518,716,2046,1254,1584,669,1759,821,1338,7998,110.5,99.45
1610612761,Toronto Raptors,2021,72,27,45,2859,6383,1041,2831,1252,1536,680,1735,952,1405,8011,111.6,99.57
1610612762,Utah Jazz,2021,72,52,20,2971,6344,1205,3098,1235,1546,765,1703,1023,1365,8382,116.5,99.37
1610612764,Washington Wizards,2021,72,34,38,3108,6547,733,2088,1449,1884,697,1835,1036,1586,8398,110.7,104.67
1610612737,Atlanta Hawks,2022,82,43,39,3401,7241,1056,2821,1485,1829,823,2017,972,1668,9343,115.4,98.67
1610612738,Boston Celtics,2022,82,51,31,3341,7167,1085,3044,1397,1713,863,2036,1118,1592,9164,113.6,97.26
1610612751,Brooklyn Nets,2022,82,44,38,3442,7251,940,2602,1434,1781,844,2071,1153,1616,9258,113.2,99.4
1610612766,Charlotte Hornets,2022,82,43,39,3508,7497,1143,3130,1298,1753,888,2302,1087,1609,9457,113.6,100.52
1610612741,Chicago Bulls,2022,82,46,36,3422,7127,872,2364,1436,1766,711,1958,1053,1489,9152,112.7,98.76
1610612739,Cleveland Cavaliers,2022,82,44,38,3255,6940,953,2686,1376,1810,837,2064,1181,1638,8839,111,96.83
1610612742,Dallas Mavericks,2022,82,52,30,3222,6982,1073,3063,1341,1739,759,1918,1025,1645,8858,112.5,95.64
1610612743,Denver Nuggets,2022,82,48,34,3416,7079,1039,2944,1372,1725,752,2279,1189,1632,9243,113.8,98.41
1610612765,Detroit Pistons,2022,82,23,59,3129,7267,925,2838,1413,1806,900,1924,1163,1625,8596,105.6,98.81
1610612744,Golden State Warriors,2022,82,53,29,3323,7087,1176,3231,1280,1665,800,2223,1221,1474,9102,112.1,98.74
1610612745,Houston Rockets,2022,82,20,62,3229,7083,1105,3170,1434,2010,786,1932,1351,1812,8997,108.1,101.16
1610612754,Indiana Pacers,2022,82,25,57,3398,7338,997,2899,1347,1754,925,2081,1183,1575,9140,111.9,98.55
1610612746,LA Clippers,2022,82,42,40,3285,7170,1047,2802,1273,1606,747,1969,1126,1515,8890,109.5,98.51
1610612747,Los Angeles Lakers,2022,82,33,49,3415,7279,982,2826,1380,1884,782,1968,1191,1647,9192,110,100.47
1610612763,Memphis Grizzlies,2022,82,56,26,3571,7739,945,2679,1393,1898,1159,2131,1082,1625,9480,114.3,100.52
1610612748,Miami Heat,2022,82,53,29,3246,6954,1114,2936,1416,1753,807,2090,1194,1686,9022,113,96.53
1610612749,Milwaukee Bucks,2022,82,51,31,3429,7331,1153,3151,1459,1881,840,1960,1100,1612,9470,114.3,100.59
1610612750,Minnesota Timberwolves,2022,82,46,36,3411,7458,1211,3386,1474,1894,921,2106,1175,1715,9507,113.8,101.47
1610612740,New Orleans Pelicans,2022,82,36,46,3294,7212,873,2629,1501,1903,981,2047,1153,1681,8962,111.2,98.02
1610612752,New York Knicks,2022,82,37,45,3088,7069,1082,3029,1473,1980,941,1793,1087,1671,8731,109.7,96.42
1610612760,Oklahoma City Thunder,2022,82,24,58,3141,7310,991,3066,1233,1632,854,1822,1145,1462,8506,103.8,99.39
1610612753,Orlando Magic,2022,82,22,60,3139,7240,999,3022,1270,1614,746,1947,1188,1501,8547,103.9,99.71
1610612755,Philadelphia 76ers,2022,82,51,31,3230,6932,950,2608,1605,1955,700,1945,1027,1594,9015,113,96.71
1610612756,Phoenix Suns,2022,82,64,18,3581,7389,951,2616,1303,1635,801,2244,1060,1553,9416,114.2,100.26
1610612757,Portland Trail Blazers,2022,82,27,55,3161,7144,1043,3017,1346,1771,854,1880,1187,1589,8711,107.3,98.74
1610612758,Sacramento Kings,2022,82,30,52,3321,7223,937,2722,1466,1908,784,1943,1156,1665,9045,109.6,100.1
1610612759,San Antonio Spurs,2022,82,34,48,3546,7601,925,2626,1262,1673,901,2289,1043,1553,9279,111.9,100.51
1610612761,Toronto Raptors,2022,82,48,34,3332,7489,979,2808,1327,1749,1095,1809,1021,1563,8970,112.1,96.63
1610612762,Utah Jazz,2022,82,49,33,3327,7067,1192,3308,1470,1916,884,1836,1148,1664,9316,116.2,97.5
1610612764,Washington Wizards,2022,82,35,47,3327,7056,860,2512,1393,1778,737,2052,1077,1634,8907,110.2,97.8
1610612737,Atlanta Hawks,2023,82,41,41,3658,7574,882,2505,1513,1850,920,2049,1060,1612,9711,115.5,101.56
1610612738,Boston Celtics,2023,82,57,25,3460,7278,1315,3492,1436,1769,796,2186,1095,1568,9671,117.3,99.15
1610612751,Brooklyn Nets,2023,82,45,37,3399,6978,1048,2771,1449,1811,674,2093,1127,1517,9295,114.6,98.77
1610612766,Charlotte Hornets,2023,82,27,55,3385,7413,881,2669,1447,1932,901,2062,1164,1667,9098,108.4,101.47
1610612741,Chicago Bulls,2023,82,40,42,3488,7116,854,2367,1446,1788,694,2006,1097,1537,9276,112.8,99.18
1610612739,Cleveland Cavaliers,2023,82,51,31,3408,6984,950,2589,1439,1844,795,2045,1094,1675,9205,115.5,96.27
1610612742,Dallas Mavericks,2023,82,38,44,3283,6909,1246,3362,1554,2057,625,1880,1002,1789,9366,115.9,97.21
1610612743,Denver Nuggets,2023,82,53,29,3574,7088,969,2559,1378,1834,828,2368,1192,1601,9495,116.8,98.74
1610612765,Detroit Pistons,2023,82,17,65,3244,7140,934,2659,1623,2106,916,1884,1237,1718,9045,109.9,99.88
1610612744,Golden State Warriors,2023,82,44,38,3538,7393,1363,3540,1314,1655,864,2446,1336,1510,9753,115.1,102.54
1610612745,Houston Rockets,2023,82,22,60,3329,7287,856,2619,1567,2078,1100,1835,1332,1692,9081,110.5,99.74
1610612754,Indiana Pacers,2023,82,35,47,3444,7345,1112,3030,1535,1944,832,2213,1224,1660,9535,113.8,101.68
1610612746,LA Clippers,2023,82,44,38,3370,7060,1041,2734,1533,1962,803,1959,1167,1606,9314,114,98.84
1610612747,Los Angeles Lakers,2023,82,43,39,3516,7298,885,2558,1691,2182,818,2072,1154,1760,9608,113.9,101.92
1610612763,Memphis Grizzlies,2023,82,51,31,3585,7551,985,2807,1432,1954,988,2135,1116,1644,9587,114.7,101.5
1610612748,Miami Heat,2023,82,44,38,3215,6991,980,2852,1567,1885,796,1955,1106,1643,8977,112.3,96.76
1610612749,Milwaukee Bucks,2023,82,58,24,3504,7411,1217,3306,1364,1837,914,2115,1199,1557,9589,114.3,101.45
1610612750,Minnesota Timberwolves,2023,82,42,40,3515,7167,997,2731,1467,1942,749,2145,1258,1654,9494,113.3,101.55
1610612740,New Orleans Pelicans,2023,82,42,40,3447,7180,899,2468,1585,2000,866,2122,1196,1673,9378,113.8,99.58
1610612752,New York Knicks,2023,82,47,35,3444,7328,1037,2930,1589,2087,1031,1880,1065,1694,9514,117,97.75
1610612760,Oklahoma City Thunder,2023,82,40,42,3533,7590,995,2797,1572,1944,934,2002,1070,1675,9633,114.2,101.94
1610612753,Orlando Magic,2023,82,34,48,3323,7074,883,2551,1607,2050,833,1906,1236,1681,9136,111.3,99.66
1610612755,Philadelphia 76ers,2023,82,54,28,3347,6870,1035,2675,1719,2058,715,2063,1121,1607,9448,117,97.44
1610612756,Phoenix Suns,2023,82,45,37,3453,7388,1001,2674,1412,1781,971,2235,1110,1629,9319,114.5,98.83
1610612757,Portland Trail Blazers,2023,82,33,49,3317,7001,1056,2893,1609,2021,774,1981,1185,1679,9299,114,99.25
1610612758,Sacramento Kings,2023,82,48,34,3573,7232,1128,3060,1624,2055,782,2237,1106,1711,9898,118.6,100.99
1610612759,San Antonio Spurs,2023,82,22,60,3533,7593,911,2640,1292,1739,965,2232,1253,1516,9269,109.7,102.07
1610612761,Toronto Raptors,2023,82,41,41,3434,7489,880,2626,1506,1922,1043,1961,956,1604,9254,114.6,97.85
1610612762,Utah Jazz,2023,82,37,45,3485,7365,1094,3099,1536,1955,968,2129,1259,1678,9600,115.3,101.02
1610612764,Washington Wizards,2023,82,35,47,3456,7127,925,2601,1442,1838,774,2083,1158,1590,9279,113.7,99.16
